{
  "project_info": {
    "project_number": "110653775911",
    "project_id": "quran2-7da77",
    "storage_bucket": "quran2-7da77.firebasestorage.app"
  },
  "client": [
    {
      "client_info": {
        "mobilesdk_app_id": "1:110653775911:android:3222277f90b6502f0fae02",
        "android_client_info": {
          "package_name": "com.latheef.alquran"
        }
      },
      "oauth_client": [
        {
          "client_id": "110653775911-n7gjdstq7lpl0asso96bi4mkdptmslif.apps.googleusercontent.com",
          "client_type": 1,
          "android_info": {
            "package_name": "com.latheef.alquran",
            "certificate_hash": "eab53c00b5b87ad29544bba7632b79e19ef2f31f"
          }
        },
        {
          "client_id": "110653775911-io0p5841ushv2v33oihe0bpkvf12jfes.apps.googleusercontent.com",
          "client_type": 3
        }
      ],
      "api_key": [
        {
          "current_key": "AIzaSyCaS-qrPcwr5WJTjomKlu3UxZhGLSVHvA8"
        }
      ],
      "services": {
        "appinvite_service": {
          "other_platform_oauth_client": [
            {
              "client_id": "110653775911-io0p5841ushv2v33oihe0bpkvf12jfes.apps.googleusercontent.com",
              "client_type": 3
            }
          ]
        }
      }
    }
  ],
  "configuration_version": "1"
}